<?xml version="1.0" encoding="UTF-8"?>
<beans xmlns="http://www.springframework.org/schema/beans"
	xmlns:xsi="http://www.w3.org/2001/XMLSchema-instance"
	xmlns:aop="http://www.springframework.org/schema/aop"
	xmlns:c="http://www.springframework.org/schema/c"
	xmlns:cache="http://www.springframework.org/schema/cache"
	xmlns:context="http://www.springframework.org/schema/context"
	xmlns:jee="http://www.springframework.org/schema/jee"
	xmlns:lang="http://www.springframework.org/schema/lang"
	xmlns:p="http://www.springframework.org/schema/p"
	xmlns:task="http://www.springframework.org/schema/task"
	xmlns:util="http://www.springframework.org/schema/util"
	xmlns:tx="http://www.springframework.org/schema/tx"
	xsi:schemaLocation="http://www.springframework.org/schema/beans http://www.springframework.org/schema/beans/spring-beans.xsd
		http://www.springframework.org/schema/aop http://www.springframework.org/schema/aop/spring-aop-4.0.xsd
		http://www.springframework.org/schema/cache http://www.springframework.org/schema/cache/spring-cache-4.0.xsd
		http://www.springframework.org/schema/context http://www.springframework.org/schema/context/spring-context-4.0.xsd
		http://www.springframework.org/schema/jee http://www.springframework.org/schema/jee/spring-jee-4.0.xsd
		http://www.springframework.org/schema/lang http://www.springframework.org/schema/lang/spring-lang-4.0.xsd
		http://www.springframework.org/schema/task http://www.springframework.org/schema/task/spring-task-4.0.xsd
		http://www.springframework.org/schema/util http://www.springframework.org/schema/util/spring-util-4.0.xsd
		http://www.springframework.org/schema/tx http://www.springframework.org/schema/tx/spring-tx-4.0.xsd">
		
		<context:component-scan base-package="com.instainsurance.insuranceappl.daos.impl, com.instainsurance.insuranceappl.services.impl"/>
											  
		<bean id="sessionFactory" class="org.springframework.orm.hibernate4.LocalSessionFactoryBean">
			<property name="dataSource" ref ="ds"/>
			<property name="hibernateProperties">
				<value>
					hibernate.dialect=org.hibernate.dialect.Oracle10gDialect
					hibernate.show_sql=true
				</value>
			</property>		
			<property name="annotatedClasses">
				<list>
		        	<value>com.instainsurance.insuranceappl.models.Customer</value>
		        	<value>com.instainsurance.insuranceappl.models.Quote</value> 
		        	<value>com.instainsurance.insuranceappl.models.TempQuote</value>
		        	<value>com.instainsurance.insuranceappl.models.User</value>
		        	<value>com.instainsurance.insuranceappl.models.Vehicle</value> 
		        	<value>com.instainsurance.insuranceappl.models.VehiclesData</value>
		        	<value>com.instainsurance.insuranceappl.models.Policy</value>
		        	<value>com.instainsurance.insuranceappl.models.Incident</value>
		        	<value>com.instainsurance.insuranceappl.models.IncidentReport</value>
		        	<value>com.instainsurance.insuranceappl.models.Claim</value>
		   		</list>
			</property>		
		</bean>
		
		<bean id="txManager" class="org.springframework.orm.hibernate4.HibernateTransactionManager">
			<property name="sessionFactory" ref="sessionFactory" />
		</bean>
		<tx:annotation-driven transaction-manager="txManager"/>
		
		<bean id="ds" class="org.springframework.jdbc.datasource.DriverManagerDataSource">
			<property name="driverClassName" value="com.mysql.jdbc.Driver"/>
			<property name="url" value="jdbc:mysql://localhost:3306/insurance?zeroDateTimeBehavior=convertToNull"/>
			<property name="username" value="root"/>
			<property name="password" value=""/>
		</bean>
	</beans>